{"stats":{"minecraft:killed":{"creeperoverhaul:bamboo_creeper":2,"minecraft:skeleton":2,"minecraft:zombie":6,"minecraft:drowned":2,"minecraft:player":1},"minecraft:mined":{"minecraft:crafting_table":1,"minecraft:grass_block":1,"minecraft:melon":2,"minecraft:iron_ore":2,"minecraft:pumpkin":1,"treechop:chopped_log":4,"minecraft:grass":5,"minecraft:oak_log":2,"minecraft:vine":4,"minecraft:dirt":1,"minecraft:stone":22,"regions_unexplored:windswept_grass":1,"minecraft:oak_leaves":1,"minecraft:fern":1},"minecraft:crafted":{"minecraft:crafting_table":2,"minecraft:wooden_pickaxe":1,"fishofthieves:cooked_pondie":1,"fishofthieves:cooked_ancientscale":1,"minecraft:stone_axe":1,"minecraft:air":0,"minecraft:jungle_planks":20,"minecraft:stick":8,"minecraft:stone_pickaxe":1,"minecraft:stone_sword":1},"minecraft:killed_by":{"mythicmobs:chupacabra":1,"minecraft:skeleton":1,"minecraft:creeper":1,"minecraft:zombie":1,"creeperoverhaul:jungle_creeper":1,"mythicmobs:drake":1},"minecraft:dropped":{"minecraft:bowl":10,"minecraft:rotten_flesh":5},"minecraft:used":{"brewery:pork_knuckle":1,"minecraft:stone_sword":24,"minecraft:stone_pickaxe":20,"minecraft:wooden_pickaxe":6,"minecraft:iron_sword":32,"minecraft:dirt":2,"minecraft:crafting_table":3,"minecraft:carrot":4,"minecraft:suspicious_stew":7,"minecraft:stone_axe":63,"minecraft:cobblestone":14,"minecraft:egg":1,"minecraft:potato":3},"minecraft:custom":{"lootr:looted_stat":8,"minecraft:mob_kills":12,"minecraft:interact_with_crafting_table":8,"minecraft:damage_dealt_resisted":0,"minecraft:leave_game":8,"minecraft:time_since_death":10129,"minecraft:climb_one_cm":1954,"minecraft:hex":0,"minecraft:time_since_rest":10161,"minecraft:sprint_one_cm":101397,"minecraft:damage_taken":2634,"minecraft:walk_one_cm":115852,"minecraft:drop":15,"minecraft:damage_dealt":2688,"minecraft:talked_to_villager":7,"minecraft:fly_one_cm":102282,"minecraft:player_kills":1,"minecraft:crouch_one_cm":364,"minecraft:play_time":73974,"minecraft:deaths":6,"minecraft:sneak_time":51,"minecraft:walk_under_water_one_cm":533,"minecraft:jump":576,"minecraft:total_world_time":73974,"minecraft:walk_on_water_one_cm":307,"minecraft:interact_with_smoker":3,"minecraft:fall_one_cm":19733},"minecraft:picked_up":{"minecraft:crafting_table":1,"brewery:sausage":1,"minecraft:jungle_log":14,"minecraft:oak_log":24,"minecraft:dirt":2,"botania:light_blue_mystical_flower":1,"minecraft:apple":2,"minecraft:wheat_seeds":1,"minecraft:jungle_sapling":1,"twigs:twig":6,"minecraft:bamboo":2,"minecraft:melon_slice":10,"minecraft:iron_sword":1,"minecraft:egg":1,"minecraft:raw_iron":2,"brewery:pork_knuckle":1,"minecraft:pumpkin":1,"minecraft:bowl":3,"regions_unexplored:chalk":15,"minecraft:rotten_flesh":12,"minecraft:arrow":2,"modern_industrialization:raw_lead":1,"minecraft:oak_sapling":9,"minecraft:cobblestone":24}},"DataVersion":3465}