{"stats":{"minecraft:killed":{"minecraft:player":1},"minecraft:mined":{"minecraft:iron_ore":2,"treechop:chopped_log":1,"minecraft:crafting_table":1,"minecraft:grass":3,"minecraft:vine":2,"minecraft:stone":8,"minecraft:fern":1},"minecraft:crafted":{"minecraft:crafting_table":1,"minecraft:stick":8,"minecraft:wooden_pickaxe":1,"minecraft:stone_pickaxe":1,"minecraft:stone_axe":1,"minecraft:jungle_planks":20},"minecraft:killed_by":{"creeperoverhaul:jungle_creeper":1},"minecraft:dropped":{"minecraft:bowl":2,"minecraft:rotten_flesh":5},"minecraft:used":{"minecraft:stone_pickaxe":4,"minecraft:suspicious_stew":1,"minecraft:wooden_pickaxe":6,"minecraft:stone_axe":3,"minecraft:crafting_table":1,"minecraft:carrot":4,"minecraft:egg":1},"minecraft:custom":{"minecraft:time_since_rest":32858,"lootr:looted_stat":8,"minecraft:sprint_one_cm":40860,"minecraft:damage_taken":689,"minecraft:walk_one_cm":49433,"minecraft:drop":7,"minecraft:damage_dealt":333,"minecraft:talked_to_villager":7,"minecraft:interact_with_crafting_table":3,"minecraft:fly_one_cm":32465,"minecraft:player_kills":1,"minecraft:crouch_one_cm":364,"minecraft:play_time":32962,"minecraft:deaths":1,"minecraft:sneak_time":50,"minecraft:walk_under_water_one_cm":533,"minecraft:jump":231,"minecraft:leave_game":7,"minecraft:walk_on_water_one_cm":307,"minecraft:time_since_death":32161,"minecraft:climb_one_cm":1807,"minecraft:total_world_time":32962,"minecraft:hex":0,"minecraft:fall_one_cm":8023},"minecraft:picked_up":{"minecraft:crafting_table":1,"minecraft:raw_iron":2,"minecraft:jungle_log":5,"minecraft:bowl":1,"minecraft:rotten_flesh":5,"minecraft:jungle_sapling":1,"modern_industrialization:raw_lead":1,"minecraft:cobblestone":10,"minecraft:egg":1}},"DataVersion":3465}