{"stats":{"minecraft:killed":{"minecraft:spider":6,"promenade:sunken_skeleton":2,"creeperoverhaul:bamboo_creeper":2,"naturalist:snail":1,"minecraft:horse":3,"minecraft:skeleton":1,"minecraft:chicken":8,"adventurez:orc":1,"minecraft:pig":7,"naturalist:butterfly":1,"mythicmobs:drake":1,"minecraft:sheep":15,"minecraft:zombie":9,"minecraft:cow":3},"minecraft:mined":{"minecraft:tuff":1,"minecraft:spruce_planks":4,"croptopia:orange_crop":10,"minecraft:grass_block":2,"minecraft:jungle_planks":4,"modern_industrialization:lignite_coal_ore":1,"minecraft:furnace":2,"minecraft:iron_ore":2,"treechop:chopped_log":7,"minecraft:vine":1,"bewitchment:salt_ore":30,"minecraft:stone":67,"fastpaintings:painting":1,"twigs:opaline_seashell":1,"minecraft:podzol":2,"twigs:pebble":2,"minecraft:smoker":2,"minecraft:crafting_table":10,"minecraft:melon":11,"modern_industrialization:nickel_ore":5,"minecraft:tall_grass":3,"minecraft:sugar_cane":3,"beachparty:dry_bush":1,"techreborn:tin_ore":12,"minecraft:spruce_stairs":1,"minecraft:spruce_log":1,"regions_unexplored:sandy_grass":2,"minecraft:grass":11,"minecraft:oak_log":2,"minecraft:coal_ore":59,"minecraft:sand":13,"minecraft:dirt":7,"minecraft:oak_leaves":2},"minecraft:crafted":{"minecraft:oak_planks":76,"minecraft:cooked_chicken":1,"brewery:sausage":7,"minecraft:furnace":3,"minecraft:cooked_mutton":15,"minecraft:glass":10,"minecraft:bow":1,"minecraft:stone_pickaxe":5,"minecraft:smoker":2,"minecraft:cooked_beef":7,"minecraft:cooked_porkchop":11,"minecraft:crafting_table":2,"brewery:pork_knuckle":7,"minecraft:wooden_pickaxe":2,"minecraft:bucket":1,"minecraft:stone_axe":2,"minecraft:air":0,"minecraft:oak_boat":3,"minecraft:charcoal":25,"minecraft:stick":24,"minecraft:iron_ingot":1,"minecraft:stone_sword":4},"minecraft:killed_by":{"minecraft:creeper":1,"mythicmobs:drake":1,"mythicmobs:chupacabra":1,"minecraft:zombie":2},"minecraft:dropped":{"minecraft:wheat_seeds":3,"minecraft:cooked_beef":1,"minecraft:cooked_porkchop":2,"brewery:pork_knuckle":3,"minecraft:feather":1,"minecraft:jungle_planks":2,"minecraft:spruce_stairs":1,"farmersdelight:rice":4,"minecraft:red_mushroom":4,"minecraft:stick":4,"bewitchment:aconite_seeds":2,"twigs:pebble":1,"minecraft:dirt":10,"minecraft:gray_wool":1,"minecraft:melon_slice":1,"minecraft:horn_coral":3,"beachparty:rubber_ring_pelican":1,"minecraft:potion":4,"ftbquests:book":1,"twigs:opaline_seashell":1,"fishofthieves:grubs":1,"twigs:twig":9,"regions_unexplored:chalk":15,"minecraft:iron_nugget":6,"minecraft:stone_sword":3,"minecraft:tuff":1,"minecraft:rotten_flesh":14,"brewery:sausage":2,"patchouli:guide_book":1,"minecraft:potato":1,"fishofthieves:earthworms":4,"minecraft:spruce_planks":4,"minecraft:oak_sapling":22,"modern_industrialization:lignite_coal":1,"minecraft:bow":1,"minecraft:stone_pickaxe":3,"minecraft:wooden_pickaxe":3,"minecraft:egg":1},"minecraft:used":{"brewery:pork_knuckle":7,"fishofthieves:cooked_wildsplash":1,"minecraft:stone_sword":204,"minecraft:shield":2,"minecraft:cooked_chicken":4,"minecraft:dirt":1,"minecraft:mutton":1,"brewery:sausage":3,"minecraft:carrot":1,"minecraft:jungle_sapling":2,"spellbladenext:frost_orb":1,"beachparty:rubber_ring_axolotl":1,"minecraft:sweet_berries":4,"minecraft:furnace":2,"minecraft:egg":7,"minecraft:cooked_mutton":11,"minecraft:stone_pickaxe":166,"minecraft:wooden_pickaxe":18,"minecraft:crafting_table":9,"simplyswords:iron_halberd":29,"minecraft:smoker":3,"croptopia:orange":10,"minecraft:oak_log":4,"minecraft:flower_pot":1,"minecraft:apple":1,"minecraft:bread":10,"minecraft:stone_axe":91,"minecraft:cobblestone":5,"minecraft:bucket":1,"minecraft:oak_boat":3,"twigs:pebble":1},"minecraft:custom":{"lootr:looted_stat":18,"minecraft:mob_kills":60,"minecraft:interact_with_crafting_table":28,"minecraft:interact_with_campfire":26,"minecraft:damage_dealt_resisted":0,"minecraft:leave_game":1,"minecraft:time_since_death":18305,"minecraft:climb_one_cm":1548,"minecraft:sprint_one_cm":341269,"minecraft:walk_one_cm":200144,"minecraft:damage_blocked_by_shield":30,"minecraft:drop":72,"minecraft:talked_to_villager":3,"minecraft:play_time":116414,"minecraft:deaths":6,"minecraft:sneak_time":7802,"minecraft:walk_under_water_one_cm":34185,"minecraft:boat_one_cm":264251,"minecraft:jump":1919,"minecraft:interact_with_brewingstand":1,"minecraft:walk_on_water_one_cm":16372,"minecraft:total_world_time":116414,"minecraft:interact_with_furnace":22,"minecraft:hex":0,"minecraft:time_since_rest":18331,"minecraft:damage_taken":4777,"minecraft:damage_dealt":8261,"minecraft:swim_one_cm":109174,"minecraft:fly_one_cm":422168,"minecraft:open_chest":1,"minecraft:crouch_one_cm":21813,"minecraft:interact_with_smoker":28,"minecraft:fall_one_cm":57683},"minecraft:picked_up":{"minecraft:cocoa_beans":9,"techreborn:raw_tin":12,"minecraft:charcoal":21,"minecraft:crafting_table":10,"modern_industrialization:lignite_coal":1,"minecraft:chicken":8,"brewery:sausage":1,"fishofthieves:cooked_wrecker":2,"minecraft:wooden_pickaxe":1,"minecraft:potion":2,"minecraft:string":3,"twigs:opaline_seashell":1,"twigs:pebble":2,"minecraft:spruce_planks":4,"minecraft:beef":8,"minecraft:oak_boat":2,"minecraft:jungle_sapling":4,"minecraft:melon_slice":65,"minecraft:sugar_cane":8,"fishofthieves:cooked_pondie":2,"minecraft:furnace":2,"regions_unexplored:redwood_log":81,"minecraft:egg":9,"minecraft:stick":2,"minecraft:raw_iron":2,"minecraft:spruce_stairs":1,"minecraft:porkchop":17,"minecraft:arrow":2,"minecraft:rotten_flesh":14,"fishofthieves:cooked_stormfish":1,"minecraft:mutton":20,"minecraft:cobblestone":67,"vinery:apple_log":5,"minecraft:white_wool":11,"minecraft:feather":7,"minecraft:cooked_beef":2,"farmersdelight:rice":4,"minecraft:jungle_log":22,"minecraft:brown_wool":1,"minecraft:leather":7,"minecraft:red_mushroom":4,"minecraft:smoker":2,"minecraft:potato":4,"fishofthieves:grubs":1,"minecraft:tuff":1,"minecraft:oak_log":49,"minecraft:horn_coral":3,"bewitchment:aconite_seeds":2,"minecraft:dirt":11,"minecraft:glass":2,"minecraft:bone":1,"minecraft:apple":7,"minecraft:bow":1,"minecraft:wheat_seeds":3,"minecraft:cooked_chicken":3,"fishofthieves:earthworms":4,"minecraft:bamboo":2,"fishofthieves:cooked_islehopper":2,"twigs:twig":26,"brewery:pork_knuckle":7,"minecraft:cooked_porkchop":8,"minecraft:jungle_planks":2,"minecraft:sand":12,"bewitchment:salt":45,"regions_unexplored:chalk":15,"minecraft:slime_ball":1,"modern_industrialization:raw_nickel":5,"croptopia:orange":10,"minecraft:gray_wool":2,"minecraft:oak_sapling":51,"minecraft:black_wool":1,"minecraft:coal":82}},"DataVersion":3465}