{"stats":{"minecraft:killed":{"minecraft:pig":2,"naturalist:butterfly":1,"promenade:sunken_skeleton":2,"naturalist:snail":1,"minecraft:sheep":4,"minecraft:zombie":2,"minecraft:chicken":3},"minecraft:mined":{"minecraft:spruce_planks":4,"twigs:pebble":1,"minecraft:crafting_table":4,"minecraft:jungle_planks":4,"modern_industrialization:nickel_ore":5,"modern_industrialization:lignite_coal_ore":1,"minecraft:tall_grass":3,"minecraft:sugar_cane":3,"techreborn:tin_ore":12,"minecraft:spruce_stairs":1,"minecraft:iron_ore":2,"minecraft:spruce_log":1,"treechop:chopped_log":4,"minecraft:grass":8,"bewitchment:salt_ore":30,"minecraft:stone":14,"minecraft:oak_leaves":2},"minecraft:crafted":{"minecraft:oak_planks":44,"minecraft:crafting_table":1,"minecraft:wooden_pickaxe":1,"minecraft:stone_axe":1,"minecraft:oak_boat":2,"minecraft:stick":8,"minecraft:iron_ingot":1,"minecraft:stone_pickaxe":1},"minecraft:killed_by":{"minecraft:zombie":2},"minecraft:dropped":{"minecraft:wheat_seeds":2,"minecraft:iron_nugget":6,"minecraft:cooked_beef":1,"minecraft:cooked_porkchop":2,"brewery:pork_knuckle":2,"minecraft:rotten_flesh":3,"minecraft:jungle_planks":2,"minecraft:spruce_stairs":1,"brewery:sausage":1,"patchouli:guide_book":1,"farmersdelight:rice":4,"minecraft:stick":4,"twigs:pebble":1,"bewitchment:aconite_seeds":2,"minecraft:potato":1,"minecraft:spruce_planks":4,"minecraft:oak_sapling":22,"minecraft:horn_coral":3,"beachparty:rubber_ring_pelican":1,"modern_industrialization:lignite_coal":1,"minecraft:wooden_pickaxe":2,"ftbquests:book":1,"twigs:twig":9},"minecraft:used":{"brewery:pork_knuckle":1,"minecraft:stone_sword":47,"minecraft:stone_pickaxe":53,"minecraft:wooden_pickaxe":12,"minecraft:mutton":1,"minecraft:crafting_table":4,"minecraft:carrot":1,"simplyswords:iron_halberd":5,"spellbladenext:frost_orb":1,"beachparty:rubber_ring_axolotl":1,"minecraft:bread":10,"minecraft:stone_axe":45,"minecraft:cobblestone":4,"minecraft:oak_boat":2,"minecraft:egg":6},"minecraft:custom":{"lootr:looted_stat":11,"minecraft:mob_kills":15,"minecraft:interact_with_crafting_table":8,"minecraft:interact_with_campfire":26,"minecraft:leave_game":1,"minecraft:time_since_death":46872,"minecraft:climb_one_cm":1274,"minecraft:hex":0,"minecraft:time_since_rest":46916,"minecraft:sprint_one_cm":145084,"minecraft:damage_taken":1114,"minecraft:walk_one_cm":90837,"minecraft:drop":33,"minecraft:damage_dealt":1716,"minecraft:swim_one_cm":61611,"minecraft:talked_to_villager":3,"minecraft:fly_one_cm":142849,"minecraft:open_chest":1,"minecraft:crouch_one_cm":7376,"minecraft:play_time":52667,"minecraft:deaths":2,"minecraft:sneak_time":2783,"minecraft:walk_under_water_one_cm":19984,"minecraft:boat_one_cm":165029,"minecraft:jump":692,"minecraft:walk_on_water_one_cm":10840,"minecraft:total_world_time":52667,"minecraft:fall_one_cm":16646},"minecraft:picked_up":{"techreborn:raw_tin":12,"minecraft:crafting_table":4,"modern_industrialization:lignite_coal":1,"minecraft:cooked_beef":2,"minecraft:feather":3,"farmersdelight:rice":4,"minecraft:chicken":3,"brewery:sausage":1,"minecraft:wooden_pickaxe":1,"minecraft:potato":4,"minecraft:oak_log":18,"minecraft:horn_coral":3,"bewitchment:aconite_seeds":2,"minecraft:apple":5,"minecraft:wheat_seeds":2,"minecraft:spruce_planks":4,"twigs:pebble":1,"minecraft:cooked_chicken":3,"minecraft:beef":1,"minecraft:oak_boat":2,"fishofthieves:cooked_islehopper":2,"minecraft:sugar_cane":8,"twigs:twig":9,"fishofthieves:cooked_pondie":2,"regions_unexplored:redwood_log":81,"minecraft:egg":6,"minecraft:stick":2,"minecraft:raw_iron":2,"brewery:pork_knuckle":7,"minecraft:cooked_porkchop":8,"minecraft:spruce_stairs":1,"minecraft:porkchop":6,"minecraft:jungle_planks":2,"bewitchment:salt":45,"minecraft:slime_ball":1,"minecraft:rotten_flesh":3,"modern_industrialization:raw_nickel":5,"minecraft:oak_sapling":22,"minecraft:mutton":5,"vinery:apple_log":5,"minecraft:white_wool":4,"minecraft:cobblestone":14}},"DataVersion":3465}