{"stats":{"minecraft:killed":{"promenade:sunken_skeleton":2,"naturalist:snail":1,"minecraft:skeleton":1,"minecraft:chicken":4,"minecraft:pig":2,"naturalist:butterfly":1,"minecraft:sheep":12,"minecraft:zombie":7},"minecraft:mined":{"minecraft:tuff":1,"minecraft:spruce_planks":4,"minecraft:jungle_planks":4,"modern_industrialization:lignite_coal_ore":1,"minecraft:furnace":1,"minecraft:iron_ore":2,"treechop:chopped_log":4,"bewitchment:salt_ore":30,"minecraft:stone":27,"fastpaintings:painting":1,"twigs:opaline_seashell":1,"minecraft:podzol":2,"twigs:pebble":1,"minecraft:smoker":1,"minecraft:crafting_table":5,"modern_industrialization:nickel_ore":5,"minecraft:tall_grass":3,"minecraft:sugar_cane":3,"beachparty:dry_bush":1,"techreborn:tin_ore":12,"minecraft:spruce_stairs":1,"minecraft:spruce_log":1,"regions_unexplored:sandy_grass":2,"minecraft:grass":8,"minecraft:sand":13,"minecraft:dirt":6,"minecraft:oak_leaves":2},"minecraft:crafted":{"minecraft:oak_planks":44,"minecraft:cooked_chicken":1,"minecraft:furnace":2,"minecraft:cooked_mutton":11,"minecraft:glass":10,"minecraft:bow":1,"minecraft:stone_pickaxe":1,"minecraft:smoker":1,"minecraft:crafting_table":1,"minecraft:wooden_pickaxe":1,"minecraft:bucket":1,"minecraft:stone_axe":1,"minecraft:air":0,"minecraft:oak_boat":2,"minecraft:charcoal":25,"minecraft:stick":8,"minecraft:iron_ingot":1},"minecraft:killed_by":{"minecraft:zombie":2},"minecraft:dropped":{"minecraft:wheat_seeds":3,"minecraft:cooked_beef":1,"minecraft:cooked_porkchop":2,"brewery:pork_knuckle":2,"minecraft:feather":1,"minecraft:jungle_planks":2,"minecraft:spruce_stairs":1,"farmersdelight:rice":4,"minecraft:stick":4,"bewitchment:aconite_seeds":2,"twigs:pebble":1,"minecraft:dirt":8,"minecraft:gray_wool":1,"minecraft:horn_coral":3,"beachparty:rubber_ring_pelican":1,"minecraft:potion":4,"ftbquests:book":1,"twigs:opaline_seashell":1,"fishofthieves:grubs":1,"twigs:twig":9,"minecraft:iron_nugget":6,"minecraft:tuff":1,"minecraft:rotten_flesh":11,"brewery:sausage":1,"patchouli:guide_book":1,"minecraft:potato":1,"fishofthieves:earthworms":2,"minecraft:spruce_planks":4,"minecraft:oak_sapling":22,"modern_industrialization:lignite_coal":1,"minecraft:bow":1,"minecraft:wooden_pickaxe":2},"minecraft:used":{"brewery:pork_knuckle":5,"fishofthieves:cooked_wildsplash":1,"minecraft:stone_sword":86,"minecraft:shield":2,"minecraft:cooked_chicken":4,"minecraft:mutton":1,"minecraft:carrot":1,"spellbladenext:frost_orb":1,"beachparty:rubber_ring_axolotl":1,"minecraft:sweet_berries":4,"minecraft:furnace":1,"minecraft:egg":6,"minecraft:cooked_mutton":11,"minecraft:stone_pickaxe":70,"minecraft:wooden_pickaxe":12,"minecraft:crafting_table":5,"simplyswords:iron_halberd":29,"minecraft:smoker":1,"minecraft:flower_pot":1,"minecraft:bread":10,"minecraft:stone_axe":46,"minecraft:cobblestone":5,"minecraft:bucket":1,"minecraft:oak_boat":3},"minecraft:custom":{"lootr:looted_stat":18,"minecraft:mob_kills":30,"minecraft:interact_with_crafting_table":16,"minecraft:interact_with_campfire":26,"minecraft:damage_dealt_resisted":0,"minecraft:leave_game":1,"minecraft:time_since_death":40,"minecraft:climb_one_cm":1274,"minecraft:sprint_one_cm":193424,"minecraft:walk_one_cm":133980,"minecraft:damage_blocked_by_shield":30,"minecraft:drop":50,"minecraft:talked_to_villager":3,"minecraft:play_time":75855,"minecraft:deaths":3,"minecraft:sneak_time":3799,"minecraft:walk_under_water_one_cm":34185,"minecraft:boat_one_cm":264251,"minecraft:jump":919,"minecraft:interact_with_brewingstand":1,"minecraft:walk_on_water_one_cm":16372,"minecraft:total_world_time":75855,"minecraft:interact_with_furnace":21,"minecraft:hex":0,"minecraft:time_since_rest":71,"minecraft:damage_taken":3077,"minecraft:damage_dealt":4005,"minecraft:swim_one_cm":109174,"minecraft:fly_one_cm":185060,"minecraft:open_chest":1,"minecraft:crouch_one_cm":10797,"minecraft:interact_with_smoker":14,"minecraft:fall_one_cm":24082},"minecraft:picked_up":{"techreborn:raw_tin":12,"minecraft:charcoal":21,"modern_industrialization:lignite_coal":1,"minecraft:crafting_table":5,"minecraft:chicken":4,"brewery:sausage":1,"fishofthieves:cooked_wrecker":2,"minecraft:wooden_pickaxe":1,"minecraft:potion":2,"twigs:opaline_seashell":1,"minecraft:spruce_planks":4,"twigs:pebble":1,"minecraft:beef":1,"minecraft:oak_boat":2,"minecraft:sugar_cane":8,"fishofthieves:cooked_pondie":2,"regions_unexplored:redwood_log":81,"minecraft:egg":6,"minecraft:furnace":1,"minecraft:raw_iron":2,"minecraft:stick":2,"minecraft:spruce_stairs":1,"minecraft:porkchop":6,"minecraft:arrow":2,"minecraft:rotten_flesh":11,"fishofthieves:cooked_stormfish":1,"minecraft:mutton":16,"minecraft:cobblestone":27,"vinery:apple_log":5,"minecraft:white_wool":10,"minecraft:feather":4,"minecraft:cooked_beef":2,"farmersdelight:rice":4,"minecraft:smoker":1,"minecraft:potato":4,"fishofthieves:grubs":1,"minecraft:tuff":1,"minecraft:oak_log":18,"minecraft:horn_coral":3,"bewitchment:aconite_seeds":2,"minecraft:dirt":8,"minecraft:glass":2,"minecraft:bone":1,"minecraft:apple":5,"minecraft:bow":1,"minecraft:wheat_seeds":3,"minecraft:cooked_chicken":3,"fishofthieves:earthworms":2,"fishofthieves:cooked_islehopper":2,"twigs:twig":9,"brewery:pork_knuckle":7,"minecraft:cooked_porkchop":8,"minecraft:jungle_planks":2,"minecraft:sand":12,"bewitchment:salt":45,"minecraft:slime_ball":1,"modern_industrialization:raw_nickel":5,"minecraft:gray_wool":1,"minecraft:oak_sapling":22,"minecraft:black_wool":1}},"DataVersion":3465}