{"stats":{"minecraft:killed":{"minecraft:spider":3,"promenade:sunken_skeleton":1,"minecraft:illusioner":1,"minecraft:pig":3,"minecraft:zombie":3,"minecraft:cow":5},"minecraft:mined":{"minecraft:jungle_leaves":2,"minecraft:carved_pumpkin":1,"minecraft:grass_block":4,"minecraft:brick_stairs":1,"minecraft:jungle_log":1,"modern_industrialization:lignite_coal_ore":6,"minecraft:sandstone":2,"minecraft:furnace":3,"minecraft:iron_ore":4,"treechop:chopped_log":2,"twigs:bronzed_seashell":1,"minecraft:vine":1,"bewitchment:salt_ore":2,"regions_unexplored:medium_grass":1,"minecraft:stone":47,"twigs:opaline_seashell":1,"minecraft:podzol":3,"regions_unexplored:redwood_shrub":1,"minecells:prison_bricks":24,"minecraft:stone_brick_slab":1,"minecraft:crafting_table":1,"minecraft:torch":1,"yigd:grave":1,"modern_industrialization:lead_ore":4,"minecraft:melon":1,"minecraft:tall_grass":1,"minecraft:cobblestone":1,"fishofthieves:fish_bone":1,"minecraft:wall_torch":1,"minecraft:stone_brick_stairs":2,"minecraft:yellow_stained_glass_pane":1,"minecraft:grass":5,"minecraft:oak_log":4,"minecraft:coal_ore":27,"minecraft:dirt":15,"minecraft:sand":3,"vinery:apple_leaves":2,"minecraft:oak_leaves":4,"minecraft:fern":2},"minecraft:crafted":{"minecraft:oak_planks":16,"minecraft:iron_nugget":9,"minecraft:chain":2,"minecraft:furnace":2,"minecraft:stone_pickaxe":1,"minecraft:cooked_beef":9,"minecraft:cooked_porkchop":2,"minecraft:crafting_table":4,"minecraft:wooden_pickaxe":1,"minecraft:stone_axe":1,"minecraft:air":0,"minecraft:jungle_planks":4,"regions_unexplored:redwood_planks":16,"minecraft:charcoal":14,"minecraft:diamond_pickaxe":1,"minecraft:stick":24,"minecraft:iron_ingot":3,"minecraft:iron_pickaxe":1,"minecraft:torch":40},"minecraft:killed_by":{"minecraft:player":1,"minecells:leaping_zombie":2,"mythicmobs:drake":1,"creeperoverhaul:ocean_creeper":1,"mutantmonsters:mutant_skeleton":3,"minecraft:skeleton":1},"minecraft:dropped":{"minecraft:wheat_seeds":3,"minecraft:golden_pickaxe":1,"minecraft:cobblestone":3,"minecraft:apple":21,"regions_unexplored:redwood_sapling":14,"minecraft:stick":9,"minecraft:flint":5,"bewitchment:aconite_seeds":3,"minecraft:dirt":5,"minecells:prison_bricks":22,"minecraft:chain":2,"minecraft:iron_pickaxe":1,"modern_industrialization:raw_lead":3,"ftbquests:book":1,"twigs:twig":9,"minecraft:iron_nugget":5,"minecraft:stone_sword":3,"minecraft:bowl":1,"minecraft:wheat":4,"minecraft:rotten_flesh":5,"regions_unexplored:redwood_planks":4,"minecraft:carrot":2,"patchouli:guide_book":6,"minecraft:filled_map":1,"minecraft:potato":11,"minecraft:sea_pickle":1,"bewitchment:mandrake_seeds":1,"minecraft:gunpowder":9,"fishofthieves:earthworms":4,"minecraft:jungle_log":20,"minecraft:oak_sapling":2,"minecraft:leather_leggings":1,"minecraft:spider_eye":2,"minecraft:bamboo":5,"modern_industrialization:lignite_coal":6,"minecraft:wooden_pickaxe":2,"regions_unexplored:redwood_shrub":1},"minecraft:used":{"minecraft:stone_sword":59,"minecraft:shield":2,"minecraft:torch":18,"minecraft:dirt":17,"beachparty:rubber_ring_axolotl":1,"minecells:hattoris_katana":11,"minecraft:jungle_log":11,"minecraft:iron_helmet":1,"minecraft:iron_boots":1,"minecells:balanced_blade":1,"twigs:bamboo_leaves":3,"minecraft:furnace":3,"minecraft:cooked_beef":8,"minecraft:stone_pickaxe":93,"minecraft:wooden_pickaxe":19,"minecraft:golden_apple":1,"minecraft:crafting_table":5,"simplyswords:gold_longsword":23,"minecraft:diamond_pickaxe":7,"minecraft:apple":6,"minecraft:bread":2,"minecraft:stone_axe":62,"minecraft:cobblestone":6,"minecraft:cooked_porkchop":2,"minecraft:oak_boat":1,"minecraft:golden_pickaxe":11},"minecraft:custom":{"lootr:looted_stat":47,"minecraft:mob_kills":18,"minecraft:interact_with_crafting_table":20,"minecraft:open_barrel":11,"minecraft:leave_game":2,"minecraft:time_since_death":13123,"minecraft:climb_one_cm":6264,"minecraft:sprint_one_cm":186436,"minecraft:walk_one_cm":146384,"minecraft:damage_blocked_by_shield":105,"minecraft:drop":57,"minecraft:talked_to_villager":8,"minecraft:play_time":117305,"minecraft:deaths":10,"minecraft:sneak_time":3585,"minecraft:walk_under_water_one_cm":13446,"minecraft:boat_one_cm":3575,"minecraft:jump":1794,"minecraft:walk_on_water_one_cm":38979,"minecraft:total_world_time":117305,"minecraft:interact_with_furnace":22,"minecraft:hex":0,"minecraft:time_since_rest":13162,"minecraft:damage_taken":4588,"minecraft:damage_absorbed":40,"minecraft:damage_dealt":2578,"minecraft:swim_one_cm":126859,"minecraft:fly_one_cm":335477,"minecraft:crouch_one_cm":9596,"minecraft:fall_one_cm":64164,"minecraft:horse_one_cm":4616},"minecraft:broken":{"minecraft:stone_pickaxe":1},"minecraft:picked_up":{"minecraft:charcoal":12,"modern_industrialization:lignite_coal":6,"minecraft:crafting_table":1,"minecraft:wooden_pickaxe":1,"friendsandfoes:totem_of_illusion":1,"minecraft:enchanted_book":1,"minecraft:string":3,"minecraft:sea_pickle":1,"minecraft:beef":12,"minecraft:oak_boat":1,"minecraft:jungle_sapling":3,"minecraft:melon_slice":6,"minecraft:furnace":3,"regions_unexplored:redwood_log":110,"minecraft:stick":7,"minecraft:raw_iron":3,"minecraft:torch":2,"minecraft:bowl":1,"twigs:bamboo_leaves":3,"minecraft:porkchop":4,"minecraft:stone_sword":2,"minecraft:rotten_flesh":5,"minecraft:carved_pumpkin":1,"minecraft:cobblestone":47,"minecraft:jungle_log":76,"minecraft:leather":5,"minecraft:potato":11,"minecraft:oak_log":4,"bewitchment:aconite_seeds":3,"minecraft:dirt":22,"minecraft:apple":34,"minecraft:wheat_seeds":3,"bewitchment:mandrake_seeds":1,"regions_unexplored:redwood_sapling":14,"minecells:prison_bricks":22,"fishofthieves:earthworms":4,"minecraft:bamboo":5,"twigs:twig":9,"patchouli:guide_book":5,"minecraft:spider_eye":2,"regions_unexplored:redwood_shrub":1,"minecraft:emerald":1,"modern_industrialization:raw_lead":3,"minecraft:oak_sapling":2,"minecraft:coal":52}},"DataVersion":3465}