{"stats":{"minecraft:used":{"minecraft:stone_sword":13},"minecraft:killed":{"minecraft:spider":1,"minecraft:pig":1},"minecraft:picked_up":{"minecraft:porkchop":1,"minecraft:oak_log":4,"minecraft:oak_sapling":2,"minecraft:spider_eye":1,"minecraft:string":2},"minecraft:mined":{"minecraft:grass":1,"minecraft:oak_log":4,"minecraft:jungle_leaves":2,"minecraft:oak_leaves":2,"minecraft:fern":1},"minecraft:custom":{"minecraft:time_since_rest":15335,"minecraft:crouch_one_cm":321,"minecraft:sprint_one_cm":9275,"minecraft:play_time":15335,"minecraft:damage_taken":110,"minecraft:walk_one_cm":9088,"minecraft:sneak_time":54,"minecraft:mob_kills":2,"minecraft:jump":86,"minecraft:damage_dealt":261,"minecraft:leave_game":2,"minecraft:time_since_death":15335,"minecraft:total_world_time":15335,"minecraft:climb_one_cm":345,"minecraft:hex":0,"minecraft:fly_one_cm":16737,"minecraft:fall_one_cm":3375}},"DataVersion":3465}