{"stats":{"minecraft:killed":{"minecraft:pig":3,"minecraft:spider":2,"promenade:sunken_skeleton":1,"minecraft:zombie":2,"minecraft:cow":5},"minecraft:mined":{"minecraft:podzol":2,"minecraft:jungle_leaves":2,"minecraft:carved_pumpkin":1,"minecraft:crafting_table":1,"minecraft:torch":1,"minecraft:grass_block":4,"modern_industrialization:lead_ore":4,"minecraft:melon":1,"minecraft:jungle_log":1,"modern_industrialization:lignite_coal_ore":6,"minecraft:tall_grass":1,"minecraft:cobblestone":1,"fishofthieves:fish_bone":1,"minecraft:wall_torch":1,"minecraft:furnace":3,"minecraft:iron_ore":4,"minecraft:stone_brick_stairs":1,"treechop:chopped_log":2,"twigs:bronzed_seashell":1,"minecraft:grass":4,"minecraft:oak_log":4,"minecraft:coal_ore":27,"minecraft:vine":1,"bewitchment:salt_ore":2,"minecraft:dirt":12,"vinery:apple_leaves":2,"minecraft:stone":47,"twigs:opaline_seashell":1,"minecraft:oak_leaves":4,"minecraft:fern":2},"minecraft:crafted":{"minecraft:cooked_beef":9,"minecraft:oak_planks":16,"minecraft:cooked_porkchop":2,"minecraft:iron_nugget":9,"minecraft:crafting_table":1,"minecraft:chain":2,"minecraft:wooden_pickaxe":1,"minecraft:furnace":2,"minecraft:stone_axe":1,"minecraft:air":0,"regions_unexplored:redwood_planks":4,"minecraft:charcoal":14,"minecraft:stick":20,"minecraft:iron_ingot":3,"minecraft:stone_pickaxe":1,"minecraft:torch":40},"minecraft:killed_by":{"minecraft:player":1,"mutantmonsters:mutant_skeleton":3,"minecraft:skeleton":1,"minecells:leaping_zombie":1,"mythicmobs:drake":1},"minecraft:dropped":{"minecraft:wheat_seeds":3,"minecraft:iron_nugget":5,"minecraft:stone_sword":3,"minecraft:bowl":1,"minecraft:wheat":4,"minecraft:cobblestone":3,"minecraft:rotten_flesh":5,"regions_unexplored:redwood_planks":2,"regions_unexplored:redwood_sapling":14,"patchouli:guide_book":6,"minecraft:flint":5,"minecraft:stick":9,"bewitchment:aconite_seeds":3,"minecraft:dirt":5,"bewitchment:mandrake_seeds":1,"minecraft:gunpowder":9,"fishofthieves:earthworms":4,"minecraft:oak_sapling":2,"minecraft:bamboo":5,"minecraft:spider_eye":1,"modern_industrialization:lignite_coal":6,"minecraft:wooden_pickaxe":2,"modern_industrialization:raw_lead":3,"ftbquests:book":1,"twigs:twig":9},"minecraft:used":{"minecraft:stone_sword":59,"minecraft:stone_pickaxe":80,"minecraft:wooden_pickaxe":19,"minecraft:shield":2,"minecraft:golden_apple":1,"minecraft:torch":18,"minecraft:dirt":13,"minecraft:crafting_table":2,"simplyswords:gold_longsword":23,"minecraft:apple":3,"minecraft:jungle_log":7,"minecells:balanced_blade":1,"minecraft:stone_axe":62,"twigs:bamboo_leaves":3,"minecraft:cobblestone":4,"minecraft:furnace":3,"minecraft:cooked_porkchop":2,"minecraft:oak_boat":1,"minecraft:cooked_beef":8},"minecraft:custom":{"lootr:looted_stat":15,"minecraft:interact_with_furnace":22,"minecraft:mob_kills":15,"minecraft:interact_with_crafting_table":16,"minecraft:leave_game":2,"minecraft:time_since_death":825,"minecraft:climb_one_cm":3028,"minecraft:hex":0,"minecraft:time_since_rest":850,"minecraft:sprint_one_cm":133064,"minecraft:damage_absorbed":40,"minecraft:damage_taken":3773,"minecraft:walk_one_cm":114923,"minecraft:damage_blocked_by_shield":105,"minecraft:drop":43,"minecraft:damage_dealt":2289,"minecraft:talked_to_villager":8,"minecraft:swim_one_cm":10202,"minecraft:fly_one_cm":244032,"minecraft:crouch_one_cm":7150,"minecraft:play_time":84447,"minecraft:deaths":8,"minecraft:sneak_time":2789,"minecraft:walk_under_water_one_cm":5932,"minecraft:boat_one_cm":3575,"minecraft:jump":1340,"minecraft:walk_on_water_one_cm":9658,"minecraft:total_world_time":84447,"minecraft:fall_one_cm":48971,"minecraft:horse_one_cm":4616},"minecraft:picked_up":{"minecraft:charcoal":12,"modern_industrialization:lignite_coal":6,"minecraft:crafting_table":1,"minecraft:jungle_log":56,"minecraft:leather":5,"minecraft:wooden_pickaxe":1,"minecraft:oak_log":4,"bewitchment:aconite_seeds":3,"minecraft:dirt":18,"minecraft:string":3,"minecraft:apple":13,"minecraft:wheat_seeds":3,"bewitchment:mandrake_seeds":1,"regions_unexplored:redwood_sapling":14,"minecraft:beef":12,"minecraft:oak_boat":1,"fishofthieves:earthworms":4,"minecraft:jungle_sapling":3,"minecraft:melon_slice":6,"minecraft:bamboo":5,"twigs:twig":9,"regions_unexplored:redwood_log":110,"minecraft:furnace":3,"minecraft:stick":5,"minecraft:raw_iron":3,"patchouli:guide_book":5,"minecraft:torch":2,"minecraft:bowl":1,"twigs:bamboo_leaves":3,"minecraft:porkchop":4,"minecraft:spider_eye":1,"minecraft:stone_sword":2,"minecraft:rotten_flesh":5,"minecraft:carved_pumpkin":1,"modern_industrialization:raw_lead":3,"minecraft:oak_sapling":2,"minecraft:coal":52,"minecraft:cobblestone":47}},"DataVersion":3465}