{"stats":{"minecraft:killed":{"minecraft:pillager":2,"minecraft:zombie":1,"minecraft:cow":1},"minecraft:mined":{"twigs:pebble":1,"treechop:chopped_log":6,"minecraft:crafting_table":2,"minecraft:grass":5,"minecraft:grass_block":2,"minecraft:oak_log":2,"minecraft:dirt":2,"beachparty:sand_seastars":1,"minecraft:oak_leaves":2},"minecraft:crafted":{"regions_unexplored:redwood_planks":224,"minecraft:oak_planks":136,"minecraft:crafting_table":1,"minecraft:stick":4,"minecraft:wooden_axe":2},"minecraft:killed_by":{"minecraft:skeleton":1},"minecraft:dropped":{"minecraft:dirt":21,"minecraft:moss_block":3,"minecraft:oak_sapling":29,"minecraft:beef":3,"minecraft:jungle_planks":1,"farmersdelight:rice":4,"minecraft:potato":3,"minecraft:stick":2},"minecraft:used":{"minecraft:oak_log":1,"minecraft:wooden_axe":51,"minecraft:stone_sword":11,"minecraft:apple":12,"simplyswords:iron_warglaive":10,"minecraft:shield":3,"fishofthieves:earthworms":6,"minecraft:dirt":4,"minecraft:crafting_table":2,"simplyswords:iron_twinblade":2},"minecraft:custom":{"minecraft:time_since_rest":28354,"lootr:looted_stat":9,"minecraft:sprint_one_cm":66137,"minecraft:damage_taken":731,"minecraft:walk_one_cm":103933,"minecraft:damage_blocked_by_shield":75,"minecraft:mob_kills":4,"minecraft:drop":12,"minecraft:damage_dealt":919,"minecraft:swim_one_cm":9080,"minecraft:talked_to_villager":2,"minecraft:interact_with_crafting_table":2,"minecraft:fly_one_cm":91245,"minecraft:interact_with_campfire":1,"minecraft:crouch_one_cm":3022,"minecraft:play_time":68055,"minecraft:deaths":1,"minecraft:sneak_time":1203,"minecraft:walk_under_water_one_cm":11473,"minecraft:boat_one_cm":28606,"minecraft:jump":507,"minecraft:leave_game":1,"minecraft:walk_on_water_one_cm":6516,"minecraft:time_since_death":26894,"minecraft:climb_one_cm":644,"minecraft:total_world_time":68055,"minecraft:hex":0,"minecraft:fall_one_cm":19371},"minecraft:picked_up":{"croptopia:toast":2,"farmersdelight:rice":4,"brewery:pork_knuckle":1,"minecraft:stick":2,"minecraft:crafting_table":2,"minecraft:leather":2,"minecraft:jungle_planks":1,"twigs:bronzed_seashell":1,"minecraft:oak_log":35,"minecraft:dirt":25,"minecraft:arrow":4,"beachparty:rubber_ring_pelican":1,"minecraft:stone_sword":1,"minecraft:apple":2,"minecraft:wheat_seeds":3,"minecraft:beef":4,"regions_unexplored:redwood_sapling":24,"fishofthieves:earthworms":8,"minecraft:oak_sapling":29,"twigs:twig":12,"brewery:sausage":1,"minecraft:cooked_beef":1,"regions_unexplored:redwood_log":56,"minecraft:egg":1}},"DataVersion":3465}